{
  "memory": {
    "max_alloc": 1097417728,
    "max_reserved": 1117782016
  },
  "timer": {
    "count": 10,
    "avg_time": 53.1380256652832,
    "children": {}
  },
  "cpu_time": 531.5682888031006
}