{
  "memory": {
    "max_alloc": 1097417728,
    "max_reserved": 1117782016
  },
  "timer": {
    "count": 10,
    "avg_time": 34.15135669708252,
    "children": {}
  },
  "cpu_time": 341.67003631591797
}